image_id,lat,lon,site,split
10.tif,14.954324508260957,-23.47595299172937,0,val
100.tif,36.86572418304326,10.25219241065292,1,train
102.tif,36.87644618054799,10.212916469187824,1,train
1036.tif,1.318508440695224,103.98123550836544,2,train
1037.tif,1.317388333872223,103.99049815112276,2,train
104.tif,36.875705435364,10.22296923990212,1,train
1042.tif,1.3257209455188994,103.99022937240856,2,train
1044.tif,1.328274470330633,104.0095967940757,2,train
1046.tif,1.3252109204722133,104.01665374153454,2,train
1048.tif,28.617543322109444,77.25424985145916,3,train
1049.tif,28.616217781212313,77.26978262224912,3,train
105.tif,36.87579174868457,10.235030566149765,1,train
1050.tif,1.3344968184855264,103.96315521512065,2,train
1051.tif,1.3356996080456995,103.97115019847868,2,train
1052.tif,1.3376802708530786,103.98073840088054,2,train
1053.tif,1.3368362851984752,103.99182048226935,2,train
1056.tif,1.3363577608658166,104.00798418967314,2,train
1058.tif,22.32409904110682,91.77499895099045,4,train
106.tif,36.87523812874546,10.245390534324013,1,train
1061.tif,28.626433211445224,77.25856536218512,3,train
1063.tif,28.62588970067803,77.26898754509595,3,train
1065.tif,28.62652046561132,77.27900822661697,3,train
1067.tif,1.3457635526956926,104.00093939276954,2,train
1068.tif,1.3443922436816287,104.00903388099711,2,train
107.tif,-33.0433108553356,-71.62799337733173,5,holdout
1070.tif,28.635984932541092,77.21667719357885,3,train
1072.tif,39.91612089053186,32.61815479697425,6,train
1076.tif,1.3537387601896123,103.98833901668382,2,train
1077.tif,1.354112338491075,103.99938529254084,2,train
1079.tif,1.3543953441472065,104.01571323488653,2,train
1080.tif,28.644791389931946,77.21558918746449,3,train
1081.tif,39.925736983789946,32.622034356114504,6,train
1084.tif,39.92675962968932,32.634733716458484,6,train
1085.tif,1.3649728595561859,103.97966943320675,2,train
1086.tif,1.3623675653271246,103.99035463279453,2,train
1087.tif,1.3639758524924992,104.00071742918249,2,train
1088.tif,1.3631321283088909,104.0089612541867,2,train
1089.tif,1.3631169727044903,104.01713290582549,2,train
109.tif,-33.044280717834496,-71.60511251248077,5,holdout
1090.tif,1.3638267545723546,104.0244263969387,2,train
1091.tif,39.92520501242251,32.72370673042045,6,train
1092.tif,39.92674925200698,32.738625779744474,6,train
1094.tif,1.3722755583832895,103.99389036219358,2,train
1095.tif,1.3737295307111739,104.00021388761074,2,train
110.tif,-33.04372324331515,-71.59596189289763,5,holdout
1104.tif,1.3805977075592277,103.99261153212984,2,train
1106.tif,28.6624269299104,77.21781488460216,3,train
1109.tif,28.662554060839494,77.22719261931073,3,train
111.tif,12.339219051714418,-1.523158010951344,7,val
1114.tif,39.94338973665297,32.68892031900915,6,train
1118.tif,1.3898173011078592,103.98091646941663,2,train
112.tif,12.339083598472666,-1.5127718465553157,7,val
1120.tif,1.3871338478194373,103.9993819543636,2,train
1121.tif,39.95127842701238,32.6314814605416,6,train
1124.tif,39.950580148739476,32.66514578232693,6,train
1125.tif,39.95289936377997,32.68234036632451,6,train
1126.tif,39.95526355242486,32.692974453102096,6,train
1127.tif,39.95393915816809,32.702510361543354,6,train
1128.tif,39.96332417367473,32.63317757633718,6,train
1129.tif,39.96326373265816,32.64423206604538,6,train
1132.tif,39.960494011208766,32.69155027053388,6,train
1133.tif,39.968541082954786,32.662950242554565,6,train
1135.tif,15.735511921211259,-86.86460959765586,8,val
1136.tif,15.734823781171281,-86.85906040003357,8,val
1139.tif,15.745272651720413,-86.85132934377222,8,val
1140.tif,15.743077501506734,-86.83830013150373,8,val
1141.tif,15.751888969739795,-86.84975543182283,8,val
1142.tif,15.751943111687796,-86.83973996995643,8,val
1149.tif,16.88076597985139,-24.992473388158498,9,train
1150.tif,16.883250195492035,-24.986491046514402,9,train
1154.tif,-6.872293155410039,39.20284794963626,10,val
1155.tif,16.893609889846502,-25.000787825193417,9,train
1158.tif,16.891209024532056,-24.99318342453725,9,train
1164.tif,-6.863891010560072,39.20344989874988,10,val
1165.tif,-6.863127024802047,39.20924902904794,10,val
1169.tif,-6.865742093549167,39.2295853361662,10,val
1175.tif,-6.855757213455726,39.211854666336876,10,val
1178.tif,18.525096407673118,73.86181891036779,11,train
118.tif,19.29774906887854,-98.9580376459035,12,test
1180.tif,18.525526541377065,73.87107874319807,11,train
1181.tif,-6.8553917364767525,39.23845863518064,10,val
1182.tif,18.52551965906621,73.88000970801858,11,train
1184.tif,18.52541965461154,73.89091363254231,11,train
1185.tif,18.52630320749491,73.90031134188338,11,train
1192.tif,-6.8458452897788575,39.23817179152123,10,val
1193.tif,18.535590725085097,73.87261229836858,11,train
1196.tif,18.533476508378868,73.89027058565904,11,train
1197.tif,18.53389035863926,73.89863350113961,11,train
1205.tif,-6.836265019320926,39.257629707367826,10,val
1206.tif,-6.838673946506188,39.267163474407205,10,val
1208.tif,-6.836961299653287,39.30337789749478,10,val
1211.tif,-6.828815445482739,39.27545274361571,10,val
1212.tif,-6.827680132262328,39.28456867990592,10,val
1216.tif,-6.820097963879319,39.27548735575325,10,val
1217.tif,-6.819803568984028,39.28453813933326,10,val
1224.tif,18.570246395733587,73.93004577964521,11,train
1233.tif,18.579281403080547,73.89778545996272,11,train
1237.tif,18.57856054650678,73.93724489175338,11,train
124.tif,-33.031496008095985,-71.62107658792026,5,holdout
1244.tif,22.523941368639907,120.30480021559569,13,train
1245.tif,22.52540448392547,120.31279874056304,13,train
1246.tif,22.529304875997898,120.32418641938305,13,train
125.tif,36.89294300428133,10.134030977903285,1,train
1253.tif,18.589260569675933,73.898071371354,11,train
1255.tif,18.58937717247209,73.91880378357207,11,train
1256.tif,18.59036960674548,73.92744842167572,11,train
126.tif,-33.03802546484844,-71.60173586517432,5,holdout
1265.tif,22.53365612216381,120.30403311243657,13,train
1268.tif,22.537320065151086,120.32484576168909,13,train
1278.tif,22.542321660339056,120.29020110306982,13,train
128.tif,-33.03616068699756,-71.59360187299964,5,holdout
1280.tif,22.54498003813607,120.30298490502055,13,train
1284.tif,22.54506879018433,120.32263452345421,13,train
1285.tif,22.544719406641978,120.32991383671622,13,train
129.tif,12.350345772061099,-1.5236285224495927,7,val
130.tif,12.350438484621646,-1.5146849987621394,7,val
1309.tif,39.2407268415398,55.529559280738965,14,test
131.tif,12.348452613519488,-1.5028593053722985,7,val
1311.tif,22.568724625174596,120.27960174680777,13,train
1327.tif,22.58055844486582,120.26538111416623,13,train
1329.tif,39.249265446759416,55.529218860655696,14,test
1346.tif,22.582673494068725,120.36901330368222,13,train
1351.tif,22.59184950026587,120.26382452800019,13,train
1353.tif,22.59106175731835,120.2700053581394,13,train
1357.tif,22.58889273276423,120.29111109110806,13,train
136.tif,19.308701197198797,-98.96765241876459,12,test
1361.tif,22.590593546633347,120.31180838424761,13,train
1362.tif,-34.83929059007468,-56.01557070439829,15,holdout
1364.tif,-34.83902777447098,-56.00161138040337,15,holdout
1372.tif,22.599093276425105,120.25462831156983,13,train
1374.tif,22.598653720360108,120.26183591810678,13,train
1378.tif,22.598403488665554,120.27991272882757,13,train
1379.tif,22.599345399806683,120.29176853143277,13,train
1384.tif,-34.832682624192564,-56.01163140785805,15,holdout
1385.tif,-34.83031091155455,-56.00545580366242,15,holdout
1397.tif,22.60788950809353,120.27209140821645,13,train
1399.tif,22.607261920569922,120.28427260895234,13,train
140.tif,37.867364757481006,23.948009531977483,16,train
1403.tif,-34.81890252931378,-56.023345133281424,15,holdout
1405.tif,-34.819924302516654,-56.016093963141536,15,holdout
1406.tif,-34.82119801141312,-56.00506913300504,15,holdout
1416.tif,22.61446543927784,120.26657927684363,13,train
1418.tif,22.618336315279546,120.27097904482419,13,train
142.tif,36.90386406798738,10.135249538294904,1,train
1420.tif,22.620014197757957,120.28270657162926,13,train
1422.tif,22.617862272081876,120.3016429966635,13,train
1425.tif,36.691350704474864,3.1571848082600815,17,test
1428.tif,36.68510550347321,3.190523844807602,17,test
1429.tif,36.68736387794805,3.201961235824669,17,test
1430.tif,22.635587747978256,120.31114854134832,13,train
1431.tif,36.69597883919398,3.161850367809962,17,test
1432.tif,36.69821195049713,3.17192447480692,17,test
1436.tif,22.64457481649819,120.31064751790302,13,train
1438.tif,18.920875174664754,72.83635566074751,18,train
1439.tif,18.921668196658665,72.8452697829033,18,train
144.tif,-33.02773815808987,-71.62987321192061,5,holdout
1440.tif,18.91789269625901,72.85238686898018,18,train
1441.tif,18.93080233079538,72.83583646703507,18,train
1442.tif,18.93160201600663,72.84304058101412,18,train
1443.tif,18.9306106063412,72.85797054614525,18,train
1444.tif,36.75197905910641,3.0694708401871136,17,test
1445.tif,36.74928355964767,3.080421458869411,17,test
1446.tif,18.937617117536035,72.83714173881681,18,train
1447.tif,18.93850011332052,72.8437508247328,18,train
1448.tif,18.94129337788109,72.85329178242786,18,train
1449.tif,24.41422284976983,54.46357689477176,19,test
145.tif,12.357642278160167,-1.515802234731905,7,val
1450.tif,36.760434624470975,3.0593205030660036,17,test
1451.tif,24.41290305676353,54.47285315506618,19,test
1452.tif,36.758339901248995,3.069245778106196,17,test
1453.tif,36.76379765720743,3.0774570765423666,17,test
1454.tif,18.947221313560252,72.8376394862915,18,train
1456.tif,18.944185272613375,72.85406389649819,18,train
1457.tif,24.422809698743045,54.444695803872555,19,test
1459.tif,36.76986383582237,3.058357998953252,17,test
1460.tif,24.420580977844526,54.462218538035145,19,test
1462.tif,24.42348122764206,54.47383680992037,19,test
1463.tif,36.76566604517229,3.0771326841161493,17,test
1465.tif,36.77897149149745,3.0595282359488927,17,test
1466.tif,24.43128224832887,54.452540168245605,19,test
1467.tif,36.777068947133955,3.069741916969557,17,test
1468.tif,24.431229544365355,54.462986369424605,19,test
1469.tif,36.77837595149555,3.078454338739887,17,test
1472.tif,36.78595803834341,3.0672464946379234,17,test
1473.tif,24.438178053443508,54.452237744424316,19,test
1476.tif,13.070344906998715,-59.51132627762008,20,test
1478.tif,13.071117888256623,-59.491229669305106,20,test
1482.tif,13.079162511080757,-59.50865271973864,20,test
1486.tif,13.0806894592776,-59.48591974530403,20,test
1487.tif,13.082509213136774,-59.47036586052153,20,test
149.tif,-33.029753611740404,-71.590771462026,5,holdout
1496.tif,8.963113453879215,38.783209422054206,21,train
1505.tif,8.97519264724847,38.77223423256157,21,train
1507.tif,8.971587200651884,38.791419131007295,21,train
1508.tif,8.975522492559367,38.79942218510357,21,train
1509.tif,8.97185777668224,38.812746079088484,21,train
1511.tif,8.973573844679525,38.82645297803468,21,train
1523.tif,8.984414239035585,38.82783483413936,21,train
1529.tif,8.993010272156955,38.80998059422586,21,train
1530.tif,8.9921823848197,38.81987769355389,21,train
1559.tif,-29.742089303826912,-71.2621225791201,22,holdout
1562.tif,-29.742162028302364,-71.23080387446238,22,holdout
1565.tif,19.083908330551314,72.85353540996685,18,train
1568.tif,19.08311134863331,72.87435979797363,18,train
157.tif,12.367313899153702,-1.5135555597609827,7,val
1577.tif,-29.739419641205966,-71.26220384789447,22,holdout
1579.tif,-29.734213000819434,-71.23483536616546,22,holdout
158.tif,12.367028023938891,-1.5026329301236072,7,val
1580.tif,-29.733998484342678,-71.23156484091925,22,holdout
1581.tif,-29.734518047143457,-71.2189021432243,22,holdout
1584.tif,19.09094086588401,72.82894888660874,18,train
1585.tif,19.090119545438466,72.8368011280074,18,train
1586.tif,19.092224806369384,72.84460562734861,18,train
1587.tif,19.094003604632334,72.85295619160885,18,train
159.tif,-33.01963081838106,-71.62437575429414,5,holdout
1590.tif,19.095015312773697,72.86401002280442,18,train
1593.tif,19.095208051329994,72.87312663744856,18,train
1600.tif,-29.729327540398366,-71.23642819768976,22,holdout
1602.tif,-29.729541864514626,-71.23000757215817,22,holdout
1604.tif,-29.724270418009166,-71.21829316432202,22,holdout
1606.tif,19.10221925375889,72.8358092728265,18,train
1607.tif,19.101047856608538,72.84463190170675,18,train
1608.tif,19.101352945540043,72.8546444302369,18,train
1610.tif,19.101583400538164,72.86451616724341,18,train
1624.tif,-29.719121511708202,-71.2356647778029,22,holdout
1625.tif,-29.72195451476613,-71.23030918200305,22,holdout
163.tif,-33.01426039544873,-71.59173430138384,5,holdout
1630.tif,-7.39131238764437,112.80560533362568,23,train
1633.tif,-7.392792488367548,112.80883271029684,23,train
1647.tif,-29.70754485639845,-71.24161712909927,22,holdout
1649.tif,-29.711798799546855,-71.23171127901048,22,holdout
1651.tif,-29.712079023392324,-71.21366909369723,22,holdout
1653.tif,-7.386909804446178,112.79215659476264,23,train
1654.tif,-7.386426673261873,112.80693384272337,23,train
1656.tif,-7.386575162200088,112.80920625425856,23,train
1673.tif,-7.372937772800227,112.7750492742105,23,train
1675.tif,-7.373703318368804,112.7851141494888,23,train
1677.tif,-7.373974690347481,112.79503584020428,23,train
1679.tif,-7.374173748190447,112.80059519961276,23,train
1690.tif,-34.56379780966918,-58.41435692097516,24,holdout
1692.tif,-34.565751967069254,-58.4046793593696,24,holdout
1694.tif,-7.3649932811929295,112.77623260582963,23,train
1695.tif,-7.366219854299852,112.78395898105788,23,train
1701.tif,-34.55299058521756,-58.436528466370234,24,holdout
1702.tif,-34.55348491359289,-58.425570698713194,24,holdout
1703.tif,-34.55589610734424,-58.41706508570566,24,holdout
1707.tif,-34.54952264463045,-58.426244000294815,24,holdout
1739.tif,22.055995131975482,85.35302286825406,25,val
1740.tif,22.06948663338602,85.2591843587827,25,val
1741.tif,22.07010949123002,85.2707966636843,25,val
1743.tif,22.064652964631232,85.28965663358082,25,val
1749.tif,22.0742604734941,85.27101999067277,25,val
1767.tif,22.084940978882347,85.26430369453935,25,val
1768.tif,8.531936617355543,81.17597028645842,26,val
1769.tif,22.086080414280264,85.28117455601789,25,val
1770.tif,8.527936002228403,81.18819256902499,26,val
1772.tif,22.08950266750146,85.30131999779296,25,val
1782.tif,22.097675018482217,85.27841407029626,25,val
1783.tif,22.098856082656763,85.28993602525831,25,val
1784.tif,8.542726033254025,81.1619128861166,26,val
1786.tif,8.537987762404317,81.17666361436089,26,val
1787.tif,22.09786952239667,85.3081402817396,25,val
1788.tif,8.53853887963106,81.18625738706598,26,val
1789.tif,22.093228667499286,85.32063181329545,25,val
1795.tif,22.102538277549126,85.28027922399413,25,val
1799.tif,8.5500915639271,81.18476500787511,26,val
18.tif,19.61454142933242,37.22082592217817,27,test
180.tif,37.91362227285816,23.93969201511091,16,train
1801.tif,22.109696313481347,85.2783552417035,25,val
1806.tif,-34.69165563800148,-58.65562466457974,24,holdout
1807.tif,-34.69154674008191,-58.64327280153408,24,holdout
1809.tif,-34.68307183007589,-58.65689693176816,24,holdout
181.tif,37.91357358261115,23.952031537552475,16,train
1810.tif,-34.683708836473315,-58.6437152657786,24,holdout
1815.tif,-34.66451127022213,-58.65501325290015,24,holdout
1817.tif,-34.66254562923989,-58.64546757369851,24,holdout
1818.tif,10.709414345053617,106.76276192870546,28,val
1820.tif,10.716055666430409,106.74326480213718,28,val
1821.tif,10.713484513263277,106.7576558269485,28,val
1823.tif,10.724502771455047,106.73545853861803,28,val
1824.tif,10.725685633391228,106.744252057446,28,val
1825.tif,10.725350136689462,106.7573283148754,28,val
1827.tif,10.730548182793893,106.74427606199534,28,val
1828.tif,10.730894449697702,106.757676012677,28,val
1829.tif,10.73439288468916,106.76219880666486,28,val
1831.tif,10.75277815467984,106.7093521449081,28,val
1832.tif,19.28801444845287,-81.35567922069649,29,val
1834.tif,-34.62066001773333,-58.62321064992885,24,holdout
1838.tif,19.295852608426344,-81.35795653849895,29,val
1840.tif,-34.61098366318518,-58.62428395139087,24,holdout
1841.tif,-34.612620306272525,-58.60969892620246,24,holdout
1845.tif,-34.602106466223226,-58.62313432982608,24,holdout
1847.tif,-34.60344235907425,-58.59684768502191,24,holdout
1848.tif,10.76882172123447,106.7987377041531,28,val
1849.tif,10.769370335191443,106.81095037172577,28,val
1855.tif,10.779353997711413,106.80146336506341,28,val
1856.tif,10.779605899122652,106.80896812798157,28,val
1858.tif,10.78147502342239,106.81919436878601,28,val
1863.tif,-15.889028415096513,-47.95986930247248,30,holdout
1870.tif,-15.878625725588375,-47.95992205804913,30,holdout
1875.tif,-15.88412271415945,-47.91419553324553,30,holdout
1880.tif,-15.870079704830758,-47.96082800951275,30,holdout
1881.tif,-15.872689248241924,-47.952258272128624,30,holdout
1883.tif,-15.870729475926314,-47.932549430621826,30,holdout
1886.tif,-15.869689413639074,-47.90560480250879,30,holdout
1887.tif,-15.870828865977366,-47.89802649263721,30,holdout
1888.tif,-15.872523136013438,-47.88894511444482,30,holdout
1889.tif,-15.868597600750324,-47.87600821809937,30,holdout
1891.tif,-15.862704970527469,-47.95930561576653,30,holdout
1892.tif,-15.859044029647315,-47.95405062166046,30,holdout
1893.tif,-15.864953004525978,-47.941140003929405,30,holdout
1894.tif,10.816045282095768,106.74514751375834,28,val
1896.tif,10.81647701448795,106.75699122121722,28,val
1897.tif,-15.859882329922025,-47.92352369756247,30,holdout
1898.tif,-15.859343968341417,-47.915031135938385,30,holdout
1899.tif,-15.860358464290496,-47.90453016782077,30,holdout
1900.tif,-15.859167146633398,-47.89791875350857,30,holdout
1902.tif,-15.864405895415691,-47.87588967376158,30,holdout
1904.tif,-34.90615310655303,-56.2292707982218,15,holdout
1906.tif,-34.90637718007033,-56.2090215210056,15,holdout
1907.tif,10.824150630530472,106.74639850884907,28,val
1908.tif,-15.856169290808566,-47.92317151202712,30,holdout
1910.tif,-15.854438015171992,-47.91340214783749,30,holdout
1912.tif,-15.852493623552395,-47.905389072364926,30,holdout
1913.tif,-15.852370518025472,-47.896002411010784,30,holdout
1914.tif,-15.85246453638306,-47.885614182526346,30,holdout
1918.tif,-34.899349024921555,-56.21075655249638,15,holdout
1919.tif,10.83417862117231,106.75639262670273,28,val
1920.tif,-34.899042845148635,-56.1976629690304,15,holdout
1921.tif,10.833133102707572,106.76553645203455,28,val
1922.tif,50.388219351175984,30.46864239339396,31,test
1926.tif,-34.88796771273898,-56.23318566415399,15,holdout
1927.tif,50.39718114930032,30.45884737316974,31,test
1928.tif,-34.89091945379663,-56.21739189068296,15,holdout
1929.tif,50.39693126077564,30.470967736812327,31,test
193.tif,37.922546583936736,23.952550020049078,16,train
1930.tif,-34.89288620812654,-56.208352012601736,15,holdout
1931.tif,-34.88884314288516,-56.19983277760948,15,holdout
1932.tif,50.39979737023405,30.53796894730186,31,test
1938.tif,-34.87680001948206,-56.206960926271755,15,holdout
1940.tif,-34.878640720925866,-56.19683277377079,15,holdout
1945.tif,50.415243084295085,30.441173743458126,31,test
1961.tif,39.87009446363384,33.02164768415578,6,train
1963.tif,39.875552500942845,32.92169129334926,6,train
1964.tif,39.87747287244984,32.934108670912025,6,train
1972.tif,39.872469487591175,33.02276211788388,6,train
1973.tif,39.874529825054545,33.0528675605577,6,train
1976.tif,39.88659711777603,32.92231691714159,6,train
1980.tif,50.45117521546423,30.46838783824605,31,test
1982.tif,50.45115292759673,30.481763389910075,31,test
1983.tif,39.88620494548646,33.05195460423325,6,train
1985.tif,39.883452066388365,33.05785073775118,6,train
1987.tif,50.45916093334124,30.39697566640475,31,test
1988.tif,39.88385084971794,33.069852897080075,6,train
20.tif,19.613593087961615,37.23296809196495,27,test
2000.tif,39.89227778564073,33.069270088803066,6,train
2004.tif,50.476879251364814,30.370030869915766,31,test
2008.tif,50.47954107904636,30.491806585700218,31,test
2009.tif,50.47724152506938,30.508365109905377,31,test
2010.tif,50.479460055403145,30.522210193815795,31,test
2011.tif,50.47959097129547,30.53345985215835,31,test
2012.tif,50.48670485769987,30.369969784702487,31,test
2014.tif,50.48584473644622,30.394656234470098,31,test
2017.tif,50.48740365075627,30.50709390257341,31,test
2020.tif,50.49415111035265,30.379003318625102,31,test
2021.tif,50.495604779341186,30.426339212335755,31,test
2026.tif,39.93016971344028,32.90895669533834,6,train
2029.tif,39.92998826758728,32.917989734083704,6,train
203.tif,37.93408582513727,23.943701356862274,16,train
2031.tif,18.745639682240533,98.95695702527136,32,test
2032.tif,18.745785573092533,98.96700072878217,32,test
2036.tif,50.50641950677373,30.40767969269959,31,test
2042.tif,18.753962882067523,98.956391903464,32,test
2044.tif,39.93763946328335,32.90727408485504,6,train
2053.tif,18.763011931088506,98.9569796765976,32,test
2055.tif,-34.780721921149116,-56.264356762485804,15,holdout
2062.tif,18.77124084071149,98.9547976378219,32,test
2064.tif,18.77126532080869,98.96853333694108,32,test
2072.tif,18.784143905419945,98.96776309332118,32,test
2078.tif,18.790024742373753,98.96681673972014,32,test
2094.tif,25.01989131456982,-77.45671350388795,33,val
2106.tif,25.03743625211749,-77.4919930639221,33,val
2108.tif,25.039674260559067,-77.47636345137472,33,val
2110.tif,25.041865525848483,-77.4707309840598,33,val
2112.tif,25.036169732457346,-77.45383873742398,33,val
2114.tif,18.414619215768898,-69.67105063632087,34,train
2115.tif,18.414242865121743,-69.66255716881867,34,train
2118.tif,25.050562626550747,-77.48448399991497,33,val
2122.tif,25.048066340114655,-77.46280293026467,33,val
2124.tif,18.422703070246865,-69.67642216513225,34,train
2125.tif,18.41643152424781,-69.67220647344675,34,train
2128.tif,25.05600388679568,-77.48394333315213,33,val
2130.tif,25.052754940534484,-77.46433429518672,33,val
2131.tif,18.4299623498471,-69.67774879461071,34,train
2139.tif,18.436156363877163,-69.67906500633842,34,train
2142.tif,13.896698966352657,100.5878528519779,35,train
2145.tif,13.893833650317777,100.60159074751812,35,train
2148.tif,13.895614573729496,100.60764446414994,35,train
2150.tif,18.45057057472219,-69.67891806639742,34,train
2159.tif,40.05457260650352,32.943096494856995,6,train
216.tif,37.94014210603735,23.928168331582857,16,train
2160.tif,13.907324594216247,100.59530765741528,35,train
2162.tif,13.904580085579273,100.6171701775083,35,train
2168.tif,13.911263716493519,100.61102118176936,35,train
217.tif,37.93780951491038,23.943545857667466,16,train
2179.tif,13.925195815084267,100.60464023359457,35,train
2181.tif,13.923439246140306,100.62608483166196,35,train
2193.tif,13.932916839384099,100.60684826515028,35,train
2197.tif,13.932946722029106,100.62788115945042,35,train
2207.tif,13.941603801683103,100.6088575545358,35,train
2214.tif,40.1094086482758,32.97833047589459,6,train
2215.tif,40.10962177667022,32.987955154042204,6,train
2225.tif,40.11756770295894,32.977654959528365,6,train
223.tif,37.93954476009087,23.974828688458363,16,train
2230.tif,40.119144540958196,32.998726187259464,6,train
2237.tif,-22.825004233865386,-43.25161859652444,36,holdout
2239.tif,40.12450896909852,32.99950230486527,6,train
2242.tif,-22.821571847580415,-43.2287843107092,36,holdout
2247.tif,40.13376533641078,32.99314027766789,6,train
2250.tif,-22.819312711861897,-43.25682383251115,36,holdout
2251.tif,40.13582687220574,33.01806435505006,6,train
2261.tif,40.146728034986744,33.002005979601385,6,train
2264.tif,40.144584430279,33.01637574072073,6,train
2268.tif,40.95048889886711,28.66435324578927,37,train
2269.tif,-22.81112542316087,-43.24774501369104,36,holdout
2270.tif,40.95035538607488,28.669626402366077,37,train
2278.tif,40.96204327546991,28.65484234511532,37,train
2279.tif,40.96203454576783,28.66317325912985,37,train
2281.tif,40.96020137685834,28.67138142487635,37,train
2292.tif,40.96475413507669,28.662110572070244,37,train
2293.tif,40.967597809086705,28.674564444118612,37,train
2294.tif,40.9693833220178,28.682135172633533,37,train
2301.tif,40.97754533671008,28.675248629498668,37,train
2303.tif,40.97646853896756,28.698154183181927,37,train
2305.tif,40.986181363015746,28.652247551991927,37,train
2306.tif,40.981551528193066,28.802334473211967,37,train
2308.tif,40.99234249687575,28.7939005627059,37,train
2309.tif,40.99166734790901,28.801305219549867,37,train
2310.tif,23.827709419637827,90.39341169656944,38,test
2313.tif,41.001378498558935,28.793836051722593,37,train
2314.tif,41.00171285721984,28.80247500271666,37,train
2315.tif,23.837476085525328,90.393974784279,38,test
2316.tif,23.83406960955646,90.40168673999695,38,test
2318.tif,23.836507443575307,90.41623277528087,38,test
2320.tif,23.838555966733544,90.42417048992911,38,test
2322.tif,41.011307802951556,28.7727326850206,37,train
2325.tif,23.84707038884475,90.38668245402825,38,test
2326.tif,23.846372255304193,90.39068088888858,38,test
2334.tif,41.019849105966955,28.76287619716214,37,train
2341.tif,23.85867379433014,90.3958866106206,38,test
2353.tif,23.865529885843696,90.39370781623549,38,test
2354.tif,23.865503342445482,90.40464582657013,38,test
2355.tif,14.566091637110272,-90.53459903295831,39,train
2356.tif,14.566705816907831,-90.52884960277532,39,train
2359.tif,-33.4187605999304,-70.80688957041363,40,holdout
2361.tif,-33.41805609901906,-70.79304695410741,40,holdout
2365.tif,-33.41942199460753,-70.77183148596345,40,holdout
237.tif,37.951256306442254,23.931899519984537,16,train
2370.tif,14.576352029836798,-90.53851704550233,39,train
2371.tif,14.574508031878658,-90.52659001400673,39,train
2373.tif,-33.408094681538735,-70.81467570075439,40,holdout
2375.tif,-33.4093095076648,-70.792239891876,40,holdout
238.tif,37.951765126982245,23.939936807527413,16,train
2382.tif,46.346958841924646,30.631235200905042,41,train
2384.tif,14.582978509802793,-90.53666206555218,39,train
2386.tif,14.583302802105454,-90.52743254325111,39,train
2387.tif,14.583831887521175,-90.51758830871992,39,train
2389.tif,-33.40289109106524,-70.81454384893952,40,holdout
2391.tif,-33.40111403419608,-70.79331020389864,40,holdout
2398.tif,14.592816259728604,-90.53680245318941,39,train
2399.tif,14.593091552956878,-90.53002484135888,39,train
24.tif,19.622729808500065,37.212497215576306,27,test
2400.tif,46.35399061850185,30.64852357340213,41,train
2405.tif,-33.389604040258355,-70.7797682775155,40,holdout
2408.tif,41.06305500319183,28.773484717377862,37,train
2413.tif,-33.38445868204123,-70.81557605280864,40,holdout
2414.tif,-33.3844369691616,-70.80739472715925,40,holdout
2416.tif,-33.38412103738079,-70.77863505035148,40,holdout
2421.tif,41.072557181158764,28.774470759821742,37,train
2423.tif,41.07288571378164,28.7844821437779,37,train
2425.tif,-33.37553710511858,-70.81294685851852,40,holdout
2436.tif,-33.365014257533474,-70.81609622838381,40,holdout
2438.tif,-33.36289288332734,-70.80069670312476,40,holdout
2440.tif,-33.36290398344384,-70.79152982294246,40,holdout
2454.tif,6.13412552899532,1.2589016883071498,42,val
2455.tif,6.134159582685273,1.2694568479716235,42,val
2459.tif,6.140951640860709,1.2721833785865506,42,val
2460.tif,6.1416970953125904,1.2794066599359202,42,val
2462.tif,46.40921400775922,30.674610103020793,41,train
2468.tif,-33.97499826147215,151.18432281635506,43,train
2469.tif,-33.972961778439526,151.19492569297586,43,train
2470.tif,6.147752763578844,1.2718415892491879,42,val
2471.tif,-33.978897962255175,151.2118501051698,43,train
2472.tif,6.148683414667035,1.2807409445634599,42,val
2475.tif,-33.97900969730076,151.23038842845588,43,train
2482.tif,6.157763491680717,1.2617806956164328,42,val
2484.tif,46.42253445259443,30.671050935768132,41,train
2485.tif,-33.96794612602903,151.17627260285127,43,train
2486.tif,46.423228810305034,30.682956659960816,41,train
2487.tif,-33.96950720671302,151.18217618588008,43,train
2489.tif,-33.96515672546006,151.20060221395437,43,train
2490.tif,-33.96744539159666,151.20376023450436,43,train
2493.tif,-33.967384840036544,151.22761535901756,43,train
2495.tif,-17.367767070645705,123.66560996443144,44,train
2497.tif,6.166103567844989,1.2456379631374066,42,val
2498.tif,6.164452331680419,1.2553189961177453,42,val
2499.tif,6.16461117452371,1.2632524221992645,42,val
2503.tif,-33.95704301581116,151.18823588443354,43,train
2504.tif,46.42596065809643,30.680096396816335,41,train
2505.tif,-33.95889920328564,151.19969547644212,43,train
2507.tif,-33.95830378181515,151.21921267131248,43,train
2509.tif,6.1750528336158075,1.2456778489915385,42,val
2510.tif,6.175734796243405,1.2517558697335602,42,val
2511.tif,6.175187489226947,1.265701793986233,42,val
2513.tif,-33.94716859232579,151.1682814652656,43,train
2514.tif,-33.94586790378708,151.17432568482712,43,train
2515.tif,-33.94523335266998,151.1829552864943,43,train
2516.tif,46.43834888877447,30.663305978149282,41,train
2518.tif,46.43954120156505,30.680318363053228,41,train
2519.tif,6.18386182290405,1.2524161551939244,42,val
252.tif,37.95693848010367,23.955935865604612,16,train
2520.tif,6.187783551762524,1.2630305268806645,42,val
2521.tif,6.183033868592494,1.2731856128706454,42,val
2523.tif,-33.9407019751886,151.1776159967629,43,train
2524.tif,-33.94152441773285,151.18595849044067,43,train
2530.tif,-33.930331379593156,151.1676437647084,43,train
2531.tif,-33.928094091041544,151.17762562204524,43,train
2532.tif,-33.93011580406642,151.18672987787008,43,train
2538.tif,37.94206431664059,23.550983585615757,16,train
254.tif,37.95489156027713,23.961687991758772,16,train
2541.tif,37.93987990102324,23.58782244422237,16,train
2542.tif,-33.92012150102969,151.16782729518874,43,train
2543.tif,-33.92277961614955,151.174291816796,43,train
2544.tif,-33.92233064793807,151.18652600037726,43,train
2545.tif,37.94672704988852,23.54329419258988,16,train
2547.tif,37.94687454722835,23.56650652562958,16,train
2550.tif,-33.912870650959476,151.17496373791985,43,train
2552.tif,46.472839375656115,30.65369237619499,41,train
2555.tif,37.95333110834313,23.551227986878246,16,train
2557.tif,37.95773597037012,23.581058238255288,16,train
2559.tif,37.96226782393731,23.540854669750246,16,train
2560.tif,37.964630053080114,23.557776741724812,16,train
2561.tif,46.47948919505091,30.640571315020665,41,train
2562.tif,37.96530278579004,23.567549422795892,16,train
2564.tif,37.96458074316959,23.578110386457286,16,train
2565.tif,46.48250848660313,30.667002729308262,41,train
2567.tif,46.48313364088866,30.744114594977116,41,train
2568.tif,46.48311512751212,30.757894145410116,41,train
2571.tif,46.490460494297416,30.74213342750839,41,train
2573.tif,46.4893330380181,30.764642110320345,41,train
2574.tif,46.50022393817054,30.72774808455957,41,train
2584.tif,46.51783269779404,30.72608415482204,41,train
2587.tif,19.568963989833204,37.210049837731646,27,test
2589.tif,19.56846804076445,37.22112257065819,27,test
2591.tif,38.43903480083043,27.17297840511644,45,test
2596.tif,19.57604611847432,37.219622842597694,27,test
2599.tif,38.44891992828701,27.173945715861898,45,test
2606.tif,19.588729386436427,37.22053462647695,27,test
2608.tif,14.933254597061117,-23.495494318589007,0,val
2609.tif,14.930651023353319,-23.484035601765193,0,val
2618.tif,19.59612877694171,37.23333082757076,27,test
2619.tif,46.54847787218009,30.75220770562123,41,train
282.tif,50.08639797577415,14.21362232646315,46,train
283.tif,50.08331551573692,14.234224536497216,46,train
285.tif,50.08221829493456,14.25759744637984,46,train
287.tif,50.08074831875411,14.285461416767127,46,train
289.tif,50.095309490908,14.229219089654805,46,train
291.tif,50.09392319248268,14.244097406795197,46,train
293.tif,50.089776349786085,14.254091462967393,46,train
294.tif,50.09427497818299,14.27552278388942,46,train
295.tif,50.095507333985566,14.288451122075582,46,train
296.tif,50.10577335834509,14.212859430413,46,train
302.tif,50.10595031987875,14.271000856094334,46,train
303.tif,50.09933601778575,14.288449320798858,46,train
307.tif,50.11494111180599,14.227230314598112,46,train
309.tif,50.11327725437642,14.24850577694177,46,train
31.tif,19.630889365763323,37.222398438064694,27,test
310.tif,50.11050761781619,14.259247287378034,46,train
311.tif,50.10960087153098,14.273689346606082,46,train
315.tif,50.117284340526346,14.217560715661524,46,train
317.tif,50.11935406166606,14.225727232530224,46,train
320.tif,50.121213318687154,14.25861608627068,46,train
321.tif,50.12016340466667,14.270142521093927,46,train
322.tif,50.12088587203284,14.285506046347454,46,train
323.tif,50.118633732382534,14.298391295640469,46,train
324.tif,19.277072894033072,-99.05463316617151,12,test
325.tif,19.27364310937473,-99.04366501931551,12,test
33.tif,-17.847092754278833,30.950848601663015,47,val
331.tif,3.6235667178911655,98.8513589257212,48,val
333.tif,3.6251541458047263,98.86753703728178,48,val
340.tif,3.631029532300814,98.8604305400856,48,val
342.tif,3.629691049659801,98.87063004832193,48,val
343.tif,41.07783366371917,28.497856289177808,37,train
345.tif,3.6340869097428943,98.87821337459448,48,val
355.tif,41.089345087681,28.506699214702806,37,train
360.tif,19.320060178996133,-99.05396650274808,12,test
362.tif,19.318861179775237,-99.04426023538545,12,test
370.tif,3.6488800904622423,98.8907525024586,48,val
371.tif,3.6516387712194778,98.89890166629223,48,val
372.tif,-22.431546392544462,-68.9165163234412,49,train
373.tif,-22.432955586374586,-68.90632938864884,49,train
374.tif,-22.432405476770306,-68.88984214023807,49,train
375.tif,41.10471649116773,28.468051390153335,37,train
377.tif,41.106429216665234,28.487197235908326,37,train
378.tif,-22.430870848802204,-68.8751337608412,49,train
379.tif,41.106397701080155,28.496842010406986,37,train
38.tif,36.75178225358729,10.199653972268795,1,train
380.tif,-22.432282155440117,-68.86951538305604,49,train
381.tif,-22.4261875130038,-68.85815142517444,49,train
382.tif,-22.4318915724271,-68.84427810869423,49,train
386.tif,3.654521458585153,98.87864637805896,48,val
389.tif,3.657229799203797,98.89803740283142,48,val
393.tif,-22.42018592445808,-68.92264308983148,49,train
394.tif,-22.419561957247076,-68.91591261467033,49,train
399.tif,41.1159350716408,28.482193959837442,37,train
40.tif,-17.83922391373417,30.952721922789564,47,val
401.tif,-22.42343175940386,-68.87463626146183,49,train
407.tif,-22.420450749546873,-68.81331274993954,49,train
41.tif,-17.836736911702488,30.959811655543636,47,val
414.tif,41.126437662736414,28.46046159740891,37,train
415.tif,-22.41441442802701,-68.9061769732894,49,train
418.tif,41.12208729399221,28.486816893592188,37,train
42.tif,36.75986419091579,10.200356795679632,1,train
422.tif,-22.412467077094217,-68.85110981777858,49,train
423.tif,-22.40603762748214,-68.84653929425559,49,train
43.tif,36.76124222582063,10.211224393998359,1,train
430.tif,-22.40021633579208,-68.9296298084725,49,train
432.tif,-22.402403566475908,-68.91246104860262,49,train
433.tif,-22.401489072180038,-68.90767306959188,49,train
434.tif,-22.40462257644481,-68.89651667562916,49,train
437.tif,-22.398133865031973,-68.87007436608178,49,train
445.tif,-22.389709831630334,-68.93929492924542,49,train
451.tif,-22.388492596310382,-68.90381301903655,49,train
455.tif,-22.392657376578725,-68.86579492360688,49,train
457.tif,-22.394140913583886,-68.84225554192267,49,train
46.tif,36.768684349702355,10.18817300589125,1,train
462.tif,-22.38521094882953,-68.95147725729342,49,train
463.tif,-22.387313770366813,-68.94577784132485,49,train
464.tif,-22.38367069584769,-68.93162119928047,49,train
465.tif,-22.37954999258602,-68.91943606981073,49,train
469.tif,-22.38423408446443,-68.9044233604526,49,train
47.tif,36.76853603369746,10.19995517783141,1,train
473.tif,-22.385769405317387,-68.86175678907884,49,train
474.tif,-22.380951238820593,-68.85926099270802,49,train
481.tif,35.014151232142325,33.71049462861422,50,val
484.tif,-22.374241428780753,-68.92996641814943,49,train
486.tif,-22.374867866833743,-68.92067202393828,49,train
488.tif,-22.374417448932316,-68.9140995905217,49,train
492.tif,34.639137485188314,33.00961478449044,51,train
493.tif,-22.376194718016997,-68.89821786263214,49,train
494.tif,34.642113334768545,33.024055835206255,51,train
498.tif,-22.373580073947394,-68.8554717132894,49,train
5.tif,19.604738046097392,37.2228762054467,27,test
500.tif,-22.372101307807416,-68.83620615755297,49,train
506.tif,-22.367323088932658,-68.93124197097926,49,train
509.tif,34.648964029641206,33.00225991095739,51,train
510.tif,-22.364502367592614,-68.90621982705612,49,train
512.tif,-22.365050111810962,-68.89665380405059,49,train
513.tif,34.64551407448164,33.020032727682654,51,train
517.tif,-22.367410319960445,-68.8523057288761,49,train
520.tif,-22.36716005188425,-68.82266493218388,49,train
521.tif,-22.36461193717011,-68.82007976127406,49,train
523.tif,19.417934440201318,-99.09202637276974,12,test
525.tif,19.41758336282817,-99.08284974335797,12,test
529.tif,-22.356391166214685,-68.92353548039449,49,train
53.tif,36.77831259007587,10.189100855949208,1,train
531.tif,34.65622253740432,33.00124848625023,51,train
532.tif,-22.358747436877916,-68.90368459125284,49,train
534.tif,-22.355847856390913,-68.89269764696733,49,train
535.tif,34.65903473119076,33.019607955552324,51,train
537.tif,-22.35525616300165,-68.87369244519462,49,train
538.tif,-22.357103682052905,-68.87023287746031,49,train
540.tif,-22.355194326236262,-68.84839356542464,49,train
541.tif,-22.3531953290472,-68.83409463166814,49,train
546.tif,19.42616385932811,-99.07130091496236,12,test
548.tif,19.42687657844606,-99.06347418582077,12,test
552.tif,-22.345827423410146,-68.92376467985011,49,train
556.tif,-22.345815351620352,-68.88523627725955,49,train
557.tif,-22.345722152877176,-68.87438441897083,49,train
559.tif,-22.347554093076223,-68.85444777220769,49,train
561.tif,-22.348369648454497,-68.84460632967958,49,train
562.tif,19.438041792912806,-99.08322465054154,12,test
563.tif,-22.34822690685726,-68.83991146989507,49,train
567.tif,-22.34322707708018,-68.81338245350335,49,train
568.tif,19.434297925205204,-99.0519097277001,12,test
569.tif,19.434713820696956,-99.0445334090111,12,test
574.tif,-22.340137205748263,-68.92232281842885,49,train
575.tif,-22.338022373279422,-68.9103259126092,49,train
579.tif,-22.33776282003274,-68.87652754101052,49,train
580.tif,-22.338897134788407,-68.86420135841253,49,train
584.tif,-22.341296456781883,-68.84223218070296,49,train
587.tif,19.44511262487291,-99.04597399088125,12,test
593.tif,-22.325588842267287,-68.93103253204973,49,train
594.tif,-22.326568488448373,-68.92675577785778,49,train
595.tif,-22.331542755928105,-68.91132495395395,49,train
596.tif,-22.32733925626007,-68.90263150822814,49,train
598.tif,-22.32855191086622,-68.88567773872732,49,train
600.tif,19.454230509666992,-99.05389800704441,12,test
601.tif,-22.32525223158375,-68.8621301068558,49,train
604.tif,-22.326744404780996,-68.83488710276944,49,train
605.tif,-22.32867684848402,-68.82698914282005,49,train
606.tif,-22.330758583189592,-68.82102384241219,49,train
608.tif,-22.322927648555783,-68.94082223156425,49,train
609.tif,-22.320617632937736,-68.93250751708287,49,train
610.tif,-22.31961907952686,-68.9265900637847,49,train
611.tif,-22.323027939942143,-68.91495404882014,49,train
612.tif,-22.32206504955097,-68.90152458805488,49,train
613.tif,-22.318198471693822,-68.89146860194865,49,train
614.tif,-22.321161209181458,-68.88738640399146,49,train
615.tif,-22.32219490871911,-68.87636833939852,49,train
617.tif,-22.31668169841776,-68.85621456096493,49,train
618.tif,-3.343211707172751,29.31163643609477,52,test
619.tif,-22.318261567694073,-68.84335872388839,49,train
620.tif,-3.3440225777543393,29.31693656123981,52,test
621.tif,-22.318619438381685,-68.83848527262656,49,train
622.tif,-3.3416426118230587,29.328916771095862,52,test
626.tif,-22.30704485140458,-68.9430027419179,49,train
627.tif,-22.314761381622674,-68.92948619117944,49,train
629.tif,-22.308430903398502,-68.91384728832577,49,train
635.tif,-3.330575302200914,29.314442336287502,52,test
637.tif,-3.332329648559237,29.323512807340453,52,test
639.tif,-3.3322988555221484,29.32782292531691,52,test
641.tif,-22.310792123335816,-68.82918952194194,49,train
647.tif,-22.3025969436677,-68.91578872285866,49,train
650.tif,-22.305405129611042,-68.88804180866586,49,train
652.tif,-3.3244241544663753,29.31279984610085,52,test
658.tif,-22.301625738659094,-68.84003452340448,49,train
659.tif,-22.308240156051287,-68.83303426591368,49,train
665.tif,-22.292261039865835,-68.91433370633212,49,train
669.tif,-22.29447028013469,-68.89495275963574,49,train
670.tif,-22.293504511719966,-68.8870701920002,49,train
671.tif,-3.3106471876893844,29.310466640292034,52,test
672.tif,-22.291500308234625,-68.8766756568605,49,train
674.tif,-22.289382680553125,-68.8678689505951,49,train
680.tif,36.31728605072277,5.150802921427582,53,test
682.tif,36.313487356021646,5.156894919313939,53,test
684.tif,-22.286551889239878,-68.93531214096049,49,train
69.tif,36.82610765369753,10.207850344409415,1,train
692.tif,-22.282076267657605,-68.88350991198622,49,train
694.tif,-22.287452005781073,-68.87487477826186,49,train
708.tif,-22.27468542922002,-68.91337742125197,49,train
709.tif,-22.274799528264857,-68.90194829359659,49,train
711.tif,-22.27541285719466,-68.89656203719764,49,train
712.tif,-3.2954029068970265,29.320891110456646,52,test
716.tif,13.645019746626176,100.74399676519246,35,train
72.tif,19.23408562605057,-98.86426797096519,12,test
720.tif,13.642503699648563,100.76367669895737,35,train
724.tif,53.91945444552027,27.68675022227118,54,train
727.tif,53.92278226788017,27.718164223142175,54,train
73.tif,36.83311460117345,10.211026707048404,1,train
732.tif,-22.265900095205417,-68.91516044828096,49,train
734.tif,-22.26856909160714,-68.90629798733022,49,train
735.tif,13.651840083004961,100.73585749623707,35,train
74.tif,36.832369570995176,10.222623240756924,1,train
740.tif,16.261541556807177,-61.53211386619614,55,test
741.tif,13.652266763415465,100.75516825142351,35,train
742.tif,-22.270035658601234,-68.87959726912858,49,train
744.tif,13.652828313553558,100.76258215824933,35,train
75.tif,36.833678841725394,10.234130944809259,1,train
752.tif,-22.263013937623022,-68.81755205270231,49,train
756.tif,13.66120253179682,100.72249534652254,35,train
760.tif,13.664080027615896,100.74295135895171,35,train
761.tif,-22.256971261603194,-68.91594712827873,49,train
763.tif,-22.254346282062873,-68.90356966954671,49,train
764.tif,16.27210322799848,-61.54552757029226,55,test
765.tif,13.661369130126955,100.76381652524385,35,train
766.tif,-22.253762358639122,-68.89467195823478,49,train
767.tif,16.27406537111639,-61.53491142091998,55,test
768.tif,13.661823407101899,100.7734997215431,35,train
769.tif,-22.252408947104563,-68.88381656783119,49,train
772.tif,16.271555472660665,-61.516636507122776,55,test
774.tif,16.2713705429599,-61.50792848199595,55,test
777.tif,-22.25260594165735,-68.83351443892718,49,train
781.tif,13.671155908296974,100.72317341553743,35,train
788.tif,13.669598812645189,100.76393571919847,35,train
79.tif,36.84087014008336,10.21159334219049,1,train
791.tif,-22.249678007698137,-68.90953582594415,49,train
792.tif,-22.248543251088698,-68.90149530586143,49,train
794.tif,-22.24782328905076,-68.8876246158091,49,train
8.tif,14.947293858921784,-23.485832199533213,0,val
80.tif,36.83873997235748,10.225879317996364,1,train
802.tif,13.684158396268268,100.73068349857681,35,train
805.tif,13.680622256757468,100.75121924618718,35,train
807.tif,13.67867128884075,100.76419700305846,35,train
813.tif,-22.24215805639685,-68.9090691117815,49,train
814.tif,-22.239824957584798,-68.89379236236022,49,train
815.tif,-22.240521855036853,-68.88542825357914,49,train
817.tif,-22.235844817967386,-68.86566574945908,49,train
819.tif,13.688982362546934,100.72682786587195,35,train
822.tif,-22.23576716368558,-68.83499127097757,49,train
825.tif,13.690461717404451,100.75377080019098,35,train
83.tif,36.844404112528075,10.252046887486761,1,train
836.tif,-22.22873840975169,-68.89445570814156,49,train
837.tif,-22.22906357979456,-68.88467068313096,49,train
838.tif,-22.230987019853593,-68.87577645578978,49,train
84.tif,36.85006442488497,10.090533974597564,1,train
847.tif,13.699761861921697,100.76604703291625,35,train
859.tif,-22.217284298494075,-68.88607516575958,49,train
86.tif,36.847586317899825,10.220606124733159,1,train
860.tif,13.70631745213624,100.73459280362776,35,train
862.tif,13.706651438407123,100.74728447442666,35,train
863.tif,-22.221338909412665,-68.86978043927957,49,train
87.tif,36.852033357067604,10.230189213518711,1,train
870.tif,13.704244447703909,100.78425316215231,35,train
871.tif,39.778834305642285,32.66657752997768,6,train
88.tif,36.851003696967744,10.247892295296712,1,train
880.tif,13.716768779186555,100.73553303154084,35,train
883.tif,-22.213600235825506,-68.88403903155289,49,train
884.tif,13.715210068409037,100.75331398442641,35,train
885.tif,-22.21229687895925,-68.87525392265503,49,train
886.tif,13.71427959803478,100.76487275763279,35,train
887.tif,-22.20976095129615,-68.8643346934447,49,train
888.tif,13.71654272230212,100.77253526754734,35,train
889.tif,-22.20836507178171,-68.85631940149682,49,train
89.tif,36.8495087845817,10.25210246116225,1,train
892.tif,-22.21046516238572,-68.84865745784869,49,train
893.tif,39.79029584156257,32.66537054403471,6,train
894.tif,-22.2126125365171,-68.84099662204865,49,train
895.tif,-22.21093572772893,-68.82469137511197,49,train
90.tif,36.85962526559489,10.091626082805837,1,train
903.tif,13.725842183629636,100.74639693580694,35,train
905.tif,13.72460502239692,100.75342454752162,35,train
907.tif,13.722838463291373,100.7642209438582,35,train
91.tif,36.8586573705076,10.211028943708675,1,train
910.tif,-22.199036043456246,-68.86729162659844,49,train
914.tif,-22.20297494634239,-68.83937435777037,49,train
92.tif,36.86050188023217,10.220021005974063,1,train
924.tif,-22.193339593118026,-68.88323848762637,49,train
926.tif,-22.193592528074873,-68.87165438131758,49,train
927.tif,22.23698665354013,91.81155633468038,4,train
928.tif,-22.193243577194426,-68.86897877863875,49,train
930.tif,-22.19804590498771,-68.84636692368451,49,train
931.tif,-22.195052154069273,-68.83694439794525,49,train
94.tif,36.860997602679625,10.24729224965046,1,train
942.tif,-22.185978201423236,-68.88299437311846,49,train
946.tif,-22.185909301066808,-68.86781955074731,49,train
95.tif,36.85769973457464,10.252091248824518,1,train
959.tif,-22.175721144360438,-68.89122947253856,49,train
960.tif,-22.178240687440596,-68.88167722887653,49,train
962.tif,-22.17522817758297,-68.87863187706384,49,train
968.tif,-22.174238859996724,-68.84856702272742,49,train
97.tif,36.86771095937017,10.222377206331705,1,train
983.tif,22.261007663977857,91.82059745816733,4,train
986.tif,-22.16503950389495,-68.84940656647903,49,train
99.tif,36.86710289088318,10.24618130864108,1,train
996.tif,-22.157981099910554,-68.8961368835049,49,train
